<?xml version="1.0" encoding="UTF-8"?>
<beans xmlns="http://www.springframework.org/schema/beans"
	xmlns:xsi="http://www.w3.org/2001/XMLSchema-instance" xmlns:mvc="http://www.springframework.org/schema/mvc"
	xmlns:util="http://www.springframework.org/schema/util" xmlns:aop="http://www.springframework.org/schema/aop"
	xmlns:context="http://www.springframework.org/schema/context"
	xsi:schemaLocation="http://www.springframework.org/schema/beans
		http://www.springframework.org/schema/beans/spring-beans-3.0.xsd
		http://www.springframework.org/schema/aop 
        http://www.springframework.org/schema/aop/spring-aop-3.0.xsd
		http://www.springframework.org/schema/mvc 
		http://www.springframework.org/schema/mvc/spring-mvc-3.0.xsd
		http://www.springframework.org/schema/util
		http://www.springframework.org/schema/util/spring-util-3.0.xsd
		http://www.springframework.org/schema/context
		http://www.springframework.org/schema/context/spring-context-3.0.xsd">

	<aop:aspectj-autoproxy proxy-target-class="true" />
	<bean class="org.springframework.web.servlet.mvc.annotation.AnnotationMethodHandlerAdapter" />

	<mvc:annotation-driven />
	<bean
		class="org.springframework.web.servlet.mvc.annotation.AnnotationMethodHandlerAdapter">
		<property name="messageConverters">
			<list>
				<ref bean="jsonHttpMessageConverter" />
			</list>
		</property>
	</bean>

	<bean id="jsonHttpMessageConverter" class="org.springframework.http.converter.json.MappingJacksonHttpMessageConverter" />

	<bean id="viewResolver" class="org.springframework.web.servlet.view.InternalResourceViewResolver">
		<property name="prefix" value="/WEB-INF/jsp/" />
		<property name="suffix" value=".jsp" />
		<property name="contentType" value="text/html; charset=utf-8" />
	</bean>
	<bean class="org.springframework.web.servlet.handler.SimpleMappingExceptionResolver">
		<!-- 定义默认的异常处理页面，当该异常类型的注册时使用 -->
		<property name="defaultErrorView" value="error"></property>
		<!-- 定义异常处理页面用来获取异常信息的变量名，默认名为exception -->
		<property name="exceptionAttribute" value="exception"></property>
		<!-- 定义需要特殊处理的异常，用类名或完全路径名作为key，异常也页名作为值
		<property name="exceptionMappings">
			<props>
				<prop key="cn.basttg.core.exception.BusinessException">error-business</prop>
				<prop key="cn.basttg.core.exception.ParameterException">error-parameter</prop>
			</props>
		</property> -->
		<property name="statusCodes">
			<map>
				<entry key="error"><value>405</value></entry>
			</map>
		</property>
	</bean>
	
	<mvc:resources mapping="/**" location="/static/" />
	
	<context:component-scan base-package="cn.crxy.spider.web" annotation-config="true">
		<context:include-filter type="annotation" expression="org.springframework.stereotype.Controller" />
	</context:component-scan>

</beans>