<project xmlns="http://maven.apache.org/POM/4.0.0" xmlns:xsi="http://www.w3.org/2001/XMLSchema-instance"
	xsi:schemaLocation="http://maven.apache.org/POM/4.0.0 http://maven.apache.org/xsd/maven-4.0.0.xsd">
	<modelVersion>4.0.0</modelVersion>

	<groupId>com.cxy</groupId>
	<artifactId>redisclient</artifactId>
	<version>win32.x86_64.2.0</version>
	<packaging>jar</packaging>

	<name>redisclient</name>
	<url>http://maven.apache.org</url>

	<properties>
		<project.build.sourceEncoding>UTF-8</project.build.sourceEncoding>
	</properties>

	<dependencies>
		<dependency>
			<groupId>junit</groupId>
			<artifactId>junit</artifactId>
			<version>3.8.1</version>
			<scope>test</scope>
		</dependency>
		<dependency>
			<groupId>org.eclipse.swt.org.eclipse.swt.win32.win32.x86_64.4.3.swt</groupId>
			<artifactId>org.eclipse.swt.win32.win32.x86_64</artifactId>
			<version>4.3</version>
		</dependency>
		<dependency>
			<groupId>org.eclipse</groupId>
			<artifactId>jface</artifactId>
			<version>3.3.0-I20070606-0010</version>
		</dependency>
		<dependency>
			<groupId>redis.clients</groupId>
			<artifactId>jedis</artifactId>
			<version>2.4.2</version>
		</dependency>
		<dependency>
			<groupId>org.slf4j</groupId>
			<artifactId>slf4j-log4j12</artifactId>
			<version>1.7.2</version>
		</dependency>
		<dependency>
			<groupId>com.google.code.gson</groupId>
			<artifactId>gson</artifactId>
			<version>2.3</version>
		</dependency>
		<dependency>
			<groupId>dom4j</groupId>
			<artifactId>dom4j</artifactId>
			<version>1.6.1</version>
		</dependency>
	</dependencies>

	<build>
		<plugins>
			<plugin>
				<groupId>org.apache.maven.plugins</groupId>
				<artifactId>maven-surefire-plugin</artifactId>
				<version>2.4.2</version>
				<configuration>
					<skipTests>true</skipTests>
				</configuration>
			</plugin>
			<plugin>
				<artifactId>maven-assembly-plugin</artifactId>
				<configuration>
					<appendAssemblyId>false</appendAssemblyId>
					<descriptorRefs>
						<descriptorRef>jar-with-dependencies</descriptorRef>
					</descriptorRefs>
					<archive>
						<manifest>
							<mainClass>com.cxy.redisclient.presentation.RedisClient</mainClass>
						</manifest>
					</archive>
				</configuration>
				<executions>
					<execution>
						<id>make-assembly</id>
						<phase>package</phase>
						<goals>
							<goal>assembly</goal>
						</goals>
					</execution>
				</executions>
			</plugin>
		</plugins>
	</build>
</project>
